doctype,section,contenttype,topic,content
White Paper,Abstract,example,Role of Artificial Intelligence (AI) in Modernizing Enterprise Systems,"This white paper examines the role of artificial intelligence (AI) in modernizing enterprise systems. It provides insights into how AI can transform traditional manual testing processes into automated validation models that accelerate time to market. The paper discusses the existing challenges of traditional testing automation and highlights how AI and machine learning (ML) can resolve these challenges. By exploring five use-cases and solutions, it demonstrates how AI/ML can enable complete and intelligent automation with minimal human intervention, empowering testing teams to become truly agile. The findings presented in this paper contribute to the ongoing conversation surrounding the digitization and automation of enterprise systems, offering practical recommendations for organizations aiming to modernize their testing approaches through the adoption of AI technologies."
White Paper,Conclusion,example,Role of Artificial Intelligence (AI) in Modernizing Enterprise Systems,"In conclusion, the modernization of enterprise systems presents both challenges and opportunities for organizations in various industries. As highlighted in this white paper, the adoption of digitization, automation, and evolving technologies is crucial for organizations to stay competitive and meet the expectations of end-users. By embracing these technological advancements, organizations can achieve enhanced operational efficiency, improved customer experience, and accelerated time-to-market. However, it is important for organizations to carefully consider factors such as infrastructure readiness, data security, and change management when implementing these technologies. By leveraging the insights and recommendations presented in this white paper, organizations can navigate the complexities of modernizing their enterprise systems and pave the way for success in the digital era. As industries continue to evolve, it is imperative for organizations to stay proactive, continuously innovate, and adapt to the changing landscape to thrive in the ever-competitive business environment."
Press Release,Content,example,Launch of Infosys Topaz,"Infosys (NSE, BSE, NYSE: INFY), a global leader in next-generation digital services and consulting, launches Infosys Topaz, a suite of services, solutions and platforms powered by generative AI technologies. The new offering helps amplify the potential of people, businesses and communities. The aim is to unlock the next generation of value creation opportunities from innovations, connected ecosystems and ubiquitous efficiencies. Infosys Topaz leverages Infosys' AI framework to build an AI-centric core that empowers humans to deliver cognitive solutions. Accelerate growth:Infosys Topaz bundles the power of Infosys Cobalt Cloud and data analytics. This is intended to support the business with artificial intelligence (AI) and to deliver cognitive solutions and intuitive experiences. The aim is to increase company growth. Over 12,000 use cases help to develop new ideas and implement them quickly. For example, a food and beverage chain used Infosys Topaz to autonomously connect previously unconnected data signals coming in from new partners. The result is a superior customer experience outside of the store with over 95 percent accuracy. Infosys Topaz Generative AI Labs delivers turnkey industrial solutions. These harness the value of AI for a greater number of functions, helping companies. Building Connected Ecosystems: The new offering democratizes data and intelligence to deliver value to participants in the connected ecosystem. This enables them to create disruptive business models, AI-supported products, services and new sources of income. Infosys Topaz supports businesses across all industries through an ecosystem of over 100 industry networks and partnerships. An example: A national railway company used the solution bundle to build an intelligent hub that enables agile value chains. This should network suitable partners for the relevant functions â€“ such as the first and last mile of logistics. Unlocking efficiencies on a large scale: Infosys Topaz creates efficiencies across the enterprise. Infosys AI specialists use intelligent tools, platforms and autonomous software engineering for business agility. Infosys Topaz drives enterprise-wide synergies by reimagining user personas, data architectures and technical designs for the future. It also helps build self-monitoring instances of control by leveraging enterprise knowledge with the help of generative AI. For example, a UK bank used Infosys Topaz to transform more than 2,000 customer service processes to run in near real-time instead of a week."
White Paper,Abstract,example,The Impact of AI in Customer Relationship Management (CRM),"This white paper explores the impact of artificial intelligence (AI) in modernizing customer relationship management (CRM) systems. It delves into how AI can enhance customer interactions, automate processes, and enable personalized experiences. By analyzing real-world use cases, the paper demonstrates the potential of AI to optimize sales and marketing efforts, improve customer service, and drive customer loyalty. The insights provided in this paper serve as a guide for organizations looking to leverage AI in their CRM strategies to achieve better customer engagement and business outcomes."
White Paper,Abstract,example,AI in Supply Chain Management: Streamlining Operations and Enhancing Efficiency,"This white paper investigates the role of artificial intelligence (AI) in modernizing supply chain management. It examines how AI can streamline operations, optimize inventory management, and enhance supply chain visibility. Through case studies and examples, the paper showcases the potential of AI-driven predictive analytics, demand forecasting, and intelligent automation to improve efficiency and reduce costs. The findings presented in this paper provide valuable insights for organizations seeking to harness the power of AI in transforming their supply chain operations."
White Paper,Abstract,example,Unlocking the Potential of AI in Financial Services,"This white paper explores the potential of artificial intelligence (AI) in revolutionizing financial services. It discusses how AI can enable personalized banking experiences, enhance fraud detection, and automate manual processes. By analyzing real-world use cases, the paper demonstrates how AI-driven algorithms can improve risk management, credit scoring, and investment strategies. The insights provided in this paper serve as a roadmap for financial institutions looking to leverage AI to drive innovation, improve operational efficiency, and deliver superior customer experiences."
White Paper,Abstract,example,AI-powered Data Analytics: Unleashing Insights for Business Growth,"This white paper examines the transformative role of artificial intelligence (AI) in data analytics. It explores how AI can extract actionable insights from vast amounts of data, enable predictive modeling, and enhance decision-making processes. Through case studies and examples, the paper showcases the potential of AI-driven data analytics in various industries, including healthcare, retail, and manufacturing. The findings presented in this paper provide organizations with a roadmap to leverage AI to unlock valuable insights, gain a competitive edge, and drive business growth."
White Paper,Abstract,example,AI in Healthcare: Revolutionizing Patient Care and Medical Diagnosis,"This white paper explores the transformative impact of artificial intelligence (AI) in healthcare. It discusses how AI can revolutionize patient care through personalized treatment plans, remote monitoring, and early disease detection. By analyzing real-world use cases, the paper showcases the potential of AI-driven algorithms in medical imaging, genomics, and drug discovery. The insights provided in this paper serve as a guide for healthcare organizations seeking to leverage AI to improve patient outcomes, enhance operational efficiency, and advance medical research."
White Paper,Abstract,example,Enhancing Cybersecurity with AI: The Future of Threat Detection and Prevention,"This white paper examines the role of artificial intelligence (AI) in enhancing cybersecurity. It explores how AI can bolster threat detection, automate incident response, and strengthen proactive defense mechanisms. Through case studies and examples, the paper showcases the potential of AI-driven algorithms in identifying and mitigating cyber threats in real-time. The findings presented in this paper provide organizations with insights to leverage AI technologies and stay ahead of rapidly evolving cyber threats."
White Paper,Abstract,example,AI in Human Resources: Transforming Talent Acquisition and Employee Engagement,"This white paper explores the transformative role of artificial intelligence (AI) in human resources (HR) practices. It discusses how AI can streamline talent acquisition, automate resume screening, and enhance employee engagement. Through case studies and examples, the paper showcases the potential of AI-driven algorithms in improving recruitment processes, identifying skill gaps, and personalizing learning and development initiatives. The insights provided in this paper serve as a guide for HR professionals looking to leverage AI to attract top talent, optimize workforce management, and drive employee productivity."
White Paper,Abstract,example,Leveraging AI in Marketing: From Personalization to Customer Insights,"This white paper investigates the impact of artificial intelligence (AI) in modernizing marketing practices. It explores how AI can enable personalized marketing campaigns, optimize content creation, and derive valuable customer insights. Through case studies and examples, the paper showcases the potential of AI-driven algorithms in analyzing consumer behavior, predicting trends, and delivering targeted marketing messages. The findings presented in this paper provide marketers with insights to leverage AI technologies and drive effective customer engagement, conversion, and retention strategies."
White Paper,Abstract,example,AI in Smart Manufacturing: Optimizing Production Processes and Quality Control,"This white paper explores the application of artificial intelligence (AI) in smart manufacturing. It discusses how AI can optimize production processes, enable predictive maintenance, and enhance quality control. Through case studies and examples, the paper showcases the potential of AI-driven algorithms in real-time monitoring, anomaly detection, and autonomous decision-making. The insights provided in this paper serve as a guide for manufacturing organizations looking to leverage AI to improve operational efficiency, reduce downtime, and achieve higher product quality."
White Paper,Abstract,example,The Impact of AI in Customer Relationship Management (CRM),"This white paper explores the impact of artificial intelligence (AI) in modernizing customer relationship management (CRM) systems. It delves into how AI can enhance customer interactions, automate processes, and enable personalized experiences. By analyzing real-world use cases, the paper demonstrates the potential of AI to optimize sales and marketing efforts, improve customer service, and drive customer loyalty. The insights provided in this paper serve as a guide for organizations looking to leverage AI in their CRM strategies to achieve better customer engagement and business outcomes."
White Paper,Conclusion,example,The Impact of AI in Customer Relationship Management (CRM),"In conclusion, the adoption of artificial intelligence (AI) in customer relationship management (CRM) has the potential to revolutionize how organizations engage with customers. This white paper has demonstrated that AI-driven personalized experiences, automated processes, and data-driven insights can significantly improve customer interactions and drive customer loyalty. However, organizations must consider factors such as data privacy, ethical considerations, and the need for human oversight when implementing AI in CRM strategies. By embracing AI technologies strategically and responsibly, organizations can unlock the full potential of CRM and gain a competitive edge in the market."
White Paper,Conclusion,example,AI in Supply Chain Management: Streamlining Operations and Enhancing Efficiency,"In conclusion, the integration of artificial intelligence (AI) in supply chain management holds immense potential for optimizing operations and improving efficiency. This white paper has highlighted how AI-driven predictive analytics, demand forecasting, and intelligent automation can revolutionize supply chain processes. However, organizations must address challenges such as data quality, interoperability, and change management to fully leverage the benefits of AI in supply chain management. By adopting a strategic and collaborative approach to AI implementation, organizations can streamline their supply chain operations, enhance visibility, and gain a competitive advantage in the dynamic business landscape."
White Paper,Conclusion,example,Unlocking the Potential of AI in Financial Services,"In conclusion, the adoption of artificial intelligence (AI) in the financial services industry offers significant opportunities for innovation, operational efficiency, and customer experience enhancement. This white paper has demonstrated how AI-driven algorithms can optimize risk management, fraud detection, and personalized banking experiences. However, organizations must address challenges related to data privacy, regulatory compliance, and ethical considerations when implementing AI in financial services. By adopting a responsible and customer-centric approach to AI, organizations can unlock the potential of AI to drive growth, improve decision-making, and deliver superior financial services to their customers."
White Paper,Conclusion,example,AI-powered Data Analytics: Unleashing Insights for Business Growth,"In conclusion, the integration of artificial intelligence (AI) in data analytics has the power to revolutionize how organizations derive insights and drive business growth. This white paper has showcased how AI-driven algorithms can extract actionable insights from large datasets, enable predictive modeling, and enhance decision-making processes. However, organizations must overcome challenges such as data quality, algorithm bias, and the need for skilled AI talent to fully leverage the benefits of AI in data analytics. By embracing AI technologies strategically and investing in data governance and talent development, organizations can harness the full potential of AI to gain a competitive advantage, make informed decisions, and achieve sustainable business growth."
White Paper,Conclusion,example,AI in Healthcare: Revolutionizing Patient Care and Medical Diagnosis,"In conclusion, the adoption of artificial intelligence (AI) in healthcare has the potential to revolutionize patient care and medical diagnosis. This white paper has demonstrated how AI-driven algorithms can enable personalized treatment plans, improve disease detection, and enhance healthcare delivery. However, organizations must address challenges such as data privacy, interoperability, and regulatory compliance when implementing AI in healthcare. By adopting a patient-centric and responsible approach to AI, healthcare providers can improve patient outcomes, optimize resource allocation, and advance medical research and innovation."
White Paper,Conclusion,example,Enhancing Cybersecurity with AI: The Future of Threat Detection and Prevention,"In conclusion, the integration of artificial intelligence (AI) in cybersecurity is crucial for organizations to effectively detect, prevent, and respond to cyber threats. This white paper has highlighted how AI-driven algorithms can bolster threat detection, automate incident response, and strengthen proactive defense mechanisms. However, organizations must address challenges related to data privacy, algorithm transparency, and the evolving threat landscape when implementing AI in cybersecurity. By adopting a comprehensive and adaptive approach to AI-based cybersecurity solutions, organizations can enhance their defense capabilities, mitigate risks, and protect critical assets from sophisticated cyber attacks."
White Paper,Conclusion,example,AI in Human Resources: Transforming Talent Acquisition and Employee Engagement,"In conclusion, the adoption of artificial intelligence (AI) in human resources (HR) has the potential to transform talent acquisition, optimize workforce management, and enhance employee engagement. This white paper has demonstrated how AI-driven algorithms can streamline recruitment processes, improve talent assessment, and personalize employee experiences. However, organizations must address challenges related to data privacy, algorithm bias, and ethical considerations when implementing AI in HR practices. By adopting a responsible and inclusive approach to AI, organizations can attract top talent, nurture a positive work culture, and drive employee productivity and satisfaction."
White Paper,Conclusion,example,Leveraging AI in Marketing: From Personalization to Customer Insights,"In conclusion, the integration of artificial intelligence (AI) in marketing offers immense opportunities for organizations to deliver personalized experiences, optimize marketing campaigns, and gain valuable customer insights. This white paper has showcased how AI-driven algorithms can analyze consumer behavior, predict trends, and deliver targeted marketing messages. However, organizations must address challenges such as data privacy, algorithm transparency, and the need for human creativity when implementing AI in marketing strategies. By adopting a customer-centric and data-driven approach to AI, organizations can enhance customer engagement, improve marketing ROI, and gain a competitive edge in the market."
White Paper,Conclusion,example,AI in Smart Manufacturing: Optimizing Production Processes and Quality Control,"In conclusion, the adoption of artificial intelligence (AI) in smart manufacturing holds the potential to optimize production processes, enhance quality control, and drive operational efficiency. This white paper has highlighted how AI-driven algorithms can enable real-time monitoring, anomaly detection, and autonomous decision-making in manufacturing operations. However, organizations must address challenges related to data security, interoperability, and the integration of AI with existing systems when implementing AI in smart manufacturing. By adopting a strategic and collaborative approach to AI implementation, organizations can achieve higher productivity, improve product quality, and gain a competitive advantage in the industry."
White Paper,Conclusion,example,The Role of AI in Energy Management: Optimizing Efficiency and Sustainability,"In conclusion, the integration of artificial intelligence (AI) in energy management offers significant potential for optimizing energy consumption, enabling predictive maintenance, and advancing sustainability efforts. This white paper has demonstrated how AI-driven algorithms can analyze energy data, identify energy-saving opportunities, and improve grid stability. However, organizations must address challenges related to data privacy, regulatory compliance, and infrastructure readiness when implementing AI in energy management. By adopting a responsible and holistic approach to AI implementation, organizations can achieve operational excellence, reduce costs, and contribute to a sustainable and energy-efficient future."
White Paper,Problem Statement,example,Improving Fraud Detection in Financial Transactions,"Fraud detection in financial transactions poses significant challenges for organizations. The ever-evolving tactics of fraudsters and the sheer volume of transactions make it difficult to accurately identify fraudulent activities. Leveraging artificial intelligence (AI) can enhance fraud detection capabilities by analyzing patterns, anomalies, and behavioral data in real-time. By applying machine learning algorithms to transaction data, organizations can detect suspicious activities, flag potential fraud cases, and minimize financial losses. However, implementing AI-based fraud detection systems requires addressing concerns such as data privacy, algorithm transparency, and model explainability. Organizations must strike a balance between accuracy and false positives to ensure effective fraud detection without hindering legitimate transactions."
White Paper,Problem Statement,example,Enhancing Customer Service with AI Chatbots,"Providing exceptional customer service is a challenge for organizations, especially with the increasing volume of customer inquiries across multiple channels. AI-powered chatbots offer a solution to this problem by automating customer interactions and delivering personalized support. These chatbots leverage natural language processing and machine learning algorithms to understand customer queries, provide relevant information, and resolve issues in real-time. By implementing AI chatbots, organizations can improve response times, enhance customer satisfaction, and reduce customer support costs. However, ensuring seamless integration with existing systems, training the chatbot to handle complex scenarios, and maintaining a human-like conversational experience are key considerations when deploying AI chatbots."
White Paper,Problem Statement,example,Optimizing Supply Chain Management with AI,"Supply chain management is a complex process involving various stakeholders, inventory management, and logistics coordination. AI can play a significant role in optimizing supply chain operations by predicting demand, optimizing inventory levels, and improving logistics efficiency. Leveraging machine learning algorithms, organizations can analyze historical data, market trends, and external factors to make accurate demand forecasts, reduce excess inventory, and streamline logistics routes. However, integrating AI into supply chain management requires addressing challenges such as data quality, data sharing among stakeholders, and aligning AI insights with business objectives. Organizations must also ensure transparency and trust in AI decision-making processes to gain stakeholder acceptance and drive successful AI-driven supply chain transformations."
White Paper,Problem Statement,example,Improving Diagnosis Accuracy in Medical Imaging,"Medical imaging plays a critical role in diagnosing diseases and guiding treatment plans. However, interpreting complex medical images accurately can be challenging and time-consuming for radiologists. AI can revolutionize medical imaging by leveraging deep learning algorithms to analyze images, detect anomalies, and provide insights for accurate diagnosis. By training AI models on large datasets, organizations can enhance diagnosis accuracy, reduce interpretation errors, and improve patient outcomes. However, ensuring data privacy, regulatory compliance, and addressing concerns related to AI model interpretability are crucial when deploying AI in medical imaging. Organizations must also prioritize collaboration between radiologists and AI algorithms to ensure human oversight and build trust in AI-assisted diagnosis."
White Paper,Problem Statement,example,Enhancing Personalization in E-commerce,"Delivering personalized experiences is a key driver of success in the e-commerce industry. AI can enable hyper-personalization by analyzing customer behavior, preferences, and purchase history to offer tailored product recommendations and targeted marketing messages. Through machine learning algorithms, organizations can create dynamic customer profiles, segment their audience, and deliver personalized content across multiple channels. However, organizations must address challenges such as data privacy, data security, and ethical considerations when implementing AI for personalization. Balancing the use of AI insights with consumer privacy concerns and ensuring transparency in data collection and usage are crucial to building trust with customers."
White Paper,Problem Statement,example,Improving Traffic Management with AI in Smart Cities,"Traffic congestion is a major challenge in urban areas, leading to productivity loss, increased fuel consumption, and environmental pollution. AI can play a transformative role in traffic management by analyzing real-time traffic data, predicting congestion patterns, and optimizing traffic flow. By leveraging machine learning algorithms and data from sensors and cameras, organizations can implement intelligent traffic management systems that dynamically adjust signal timings, recommend alternative routes, and detect traffic incidents. However, integrating AI into traffic management requires addressing concerns related to data privacy, cybersecurity, and public acceptance. Organizations must collaborate with city authorities and stakeholders to ensure transparency, equity, and effective deployment of AI-powered traffic management solutions."
White Paper,Problem Statement,example,Improving Customer Retention with AI-driven Churn Prediction,"Customer churn poses a significant challenge for organizations across industries. AI can help mitigate this challenge by leveraging predictive analytics to identify customers at risk of churn and proactively engage them with retention strategies. Through machine learning algorithms, organizations can analyze customer behavior patterns, transaction history, and demographic data to identify churn indicators and develop personalized retention approaches. However, organizations must address concerns such as data privacy, data quality, and ethical considerations when deploying AI-driven churn prediction models. Building customer trust and ensuring transparent communication about the use of AI for churn prediction are crucial to maintaining a positive customer relationship."
White Paper,Problem Statement,example,Enhancing Security with AI-driven Threat Intelligence,"Cybersecurity threats are evolving rapidly, requiring organizations to adopt advanced measures to protect their systems and data. AI-driven threat intelligence offers enhanced security capabilities by analyzing vast amounts of security data, identifying patterns, and detecting potential threats in real-time. Machine learning algorithms can detect anomalous behaviors, identify known attack patterns, and provide proactive threat mitigation. However, organizations must address challenges related to data privacy, model robustness, and the ethical use of AI in cybersecurity. Collaboration between human analysts and AI algorithms is crucial to ensure effective threat intelligence and timely response to emerging cyber threats."
White Paper,Problem Statement,example,Automating Document Processing with AI,"Document processing is a time-consuming and error-prone task for organizations, especially in industries that rely heavily on paperwork. AI can automate document processing by leveraging optical character recognition (OCR), natural language processing (NLP), and machine learning algorithms. By automatically extracting information, categorizing documents, and performing data validation, organizations can streamline document workflows, reduce manual errors, and improve operational efficiency. However, organizations must address challenges such as data privacy, ensuring accuracy in document interpretation, and integrating AI with existing document management systems. Ensuring transparency in AI decisions and building trust in automated document processing are key considerations for successful adoption."
White Paper,Problem Statement,example,Optimizing Energy Consumption with AI in Smart Buildings,"Energy consumption in buildings represents a significant portion of global energy usage. AI can optimize energy consumption in smart buildings by analyzing real-time data from sensors, predicting energy demand patterns, and dynamically adjusting energy usage. Machine learning algorithms can identify energy-saving opportunities, optimize HVAC systems, and automate energy management processes. However, organizations must address challenges related to data privacy, interoperability among different building systems, and balancing energy efficiency with occupant comfort. Collaborating with building owners, facility managers, and occupants is crucial to ensure the effective implementation and acceptance of AI-driven energy optimization strategies."
White Paper,Infosys Solution,example,Modernization Techniques for Financial Systems,"Infosys offers four modernization techniques for financial organizations to optimize their systems. These techniques include re-architecting, retiring legacy systems, front-end redesign, and platform migration. Re-architecting involves modularizing the system, adopting microservices architecture, and implementing cloud-native solutions. Retiring legacy systems involves decommissioning outdated applications and migrating to modern platforms. Front-end redesign focuses on enhancing user experience and improving system accessibility. Platform migration involves transitioning to new infrastructure and leveraging advanced technologies such as containerization and serverless computing. Each technique brings its own benefits, including improved scalability, enhanced security, increased agility, and reduced maintenance costs. However, organizations must also address challenges such as data migration, integration complexity, and ensuring smooth transition for end-users."
White Paper,Infosys Solution,example,AI-Driven Customer Engagement Solutions,"Infosys offers AI-driven customer engagement solutions to help organizations enhance their customer interactions. These solutions leverage natural language processing (NLP), machine learning (ML), and predictive analytics to deliver personalized customer experiences. The solutions include AI-powered chatbots, recommendation engines, sentiment analysis tools, and customer journey analytics. AI-powered chatbots enable automated and intelligent conversations, providing real-time support to customers. Recommendation engines offer personalized product recommendations based on customer preferences and behavior. Sentiment analysis tools help organizations gauge customer sentiment and respond proactively. Customer journey analytics provide insights into customer behavior and enable targeted marketing campaigns. By adopting these AI-driven solutions, organizations can improve customer satisfaction, increase sales, and drive customer loyalty. However, considerations such as data privacy, ethical AI usage, and ensuring a seamless integration with existing systems are crucial for successful implementation."
White Paper,Infosys Solution,example,AI in Supply Chain Optimization,"Infosys provides AI-powered solutions to optimize supply chain operations. These solutions leverage AI algorithms and data analytics to enhance demand forecasting, inventory management, and logistics optimization. AI-powered demand forecasting models analyze historical data, market trends, and external factors to generate accurate demand forecasts. This helps organizations improve inventory planning and reduce stockouts. AI-powered inventory management systems optimize inventory levels, minimize carrying costs, and ensure efficient supply chain operations. AI-driven logistics optimization solutions leverage real-time data and predictive analytics to optimize route planning, reduce transportation costs, and enhance delivery efficiency. By adopting these AI-powered supply chain solutions, organizations can achieve improved operational efficiency, reduced costs, and enhanced customer satisfaction. However, organizations must address challenges such as data integration, data quality, and change management to ensure a smooth implementation."
White Paper,Infosys Solution,example,AI for Fraud Detection and Prevention,"Infosys offers AI-powered solutions to help organizations detect and prevent fraud. These solutions leverage advanced AI algorithms, machine learning models, and anomaly detection techniques to identify fraudulent activities in real-time. AI-driven fraud detection systems analyze large volumes of transaction data, customer behavior patterns, and historical fraud cases to identify anomalies and flag suspicious activities. These solutions can detect various types of fraud, including payment fraud, identity theft, and account takeover. By adopting AI for fraud detection and prevention, organizations can minimize financial losses, protect their reputation, and ensure regulatory compliance. However, organizations must address challenges such as data privacy, model explainability, and false positives to ensure the effectiveness of AI-driven fraud detection systems."
White Paper,Infosys Solution,example,AI-Enabled Medical Diagnosis Solutions,"Infosys provides AI-enabled solutions to enhance medical diagnosis accuracy. These solutions leverage deep learning algorithms, computer vision, and pattern recognition techniques to analyze medical images and assist healthcare professionals in making accurate diagnoses. AI-driven medical diagnosis solutions can detect anomalies, classify diseases, and provide insights for treatment planning. By training AI models on large datasets of medical images, organizations can improve diagnostic accuracy, reduce interpretation errors, and enhance patient outcomes. However, considerations such as data privacy, regulatory compliance, and ensuring seamless integration with existing healthcare systems are crucial when implementing AI-enabled medical diagnosis solutions."
White Paper,Infosys Solution,example,AI in Customer Sentiment Analysis,"Infosys offers AI-powered solutions for customer sentiment analysis. These solutions leverage natural language processing (NLP) and machine learning algorithms to analyze customer feedback, social media posts, and online reviews to gauge customer sentiment. By understanding customer sentiments, organizations can identify trends, gain insights into customer preferences, and respond effectively to customer needs. AI-powered sentiment analysis solutions provide real-time sentiment monitoring, sentiment classification, and sentiment-based decision-making. By adopting these AI-driven solutions, organizations can improve customer satisfaction, enhance brand reputation, and drive strategic business decisions. However, organizations must address challenges such as data privacy, ethical AI usage, and ensuring the accuracy and relevance of sentiment analysis results."
White Paper,Infosys Solution,example,AI-Driven Predictive Maintenance Solutions,"Infosys offers AI-driven solutions for predictive maintenance in various industries. These solutions leverage machine learning algorithms and sensor data analysis to predict equipment failures, identify maintenance needs, and optimize maintenance schedules. By analyzing historical equipment data, organizations can detect patterns and anomalies to predict maintenance requirements and prevent unplanned downtime. AI-driven predictive maintenance solutions help organizations reduce maintenance costs, optimize equipment performance, and enhance overall operational efficiency. However, organizations must address challenges such as data quality, data integration, and change management to ensure successful implementation and adoption of AI-driven predictive maintenance solutions."
White Paper,Infosys Solution,example,AI in Talent Acquisition and Recruitment,"Infosys offers AI-powered solutions to optimize talent acquisition and recruitment processes. These solutions leverage machine learning algorithms and natural language processing (NLP) to automate resume screening, candidate shortlisting, and interview scheduling. By analyzing resumes and candidate profiles, AI-driven solutions can identify the most qualified candidates, match them with job requirements, and streamline the recruitment workflow. AI-powered chatbots can also engage with candidates, answer their queries, and provide personalized information about job openings. By adopting AI in talent acquisition and recruitment, organizations can improve hiring efficiency, reduce time-to-fill positions, and enhance the candidate experience. However, considerations such as data privacy, bias detection, and ethical AI usage are crucial to ensure fairness and inclusivity in the recruitment process."
White Paper,Infosys Solution,example,AI for Cybersecurity Threat Detection,"Infosys provides AI-powered solutions for cybersecurity threat detection. These solutions leverage machine learning algorithms, behavioral analysis, and anomaly detection techniques to identify and respond to cybersecurity threats in real-time. By analyzing network traffic, system logs, and user behavior, AI-driven cybersecurity solutions can detect suspicious activities, unauthorized access attempts, and malware infections. These solutions help organizations enhance their security posture, minimize the risk of data breaches, and protect critical assets. However, organizations must address challenges such as data privacy, model robustness, and false positives to ensure the effectiveness of AI-driven cybersecurity solutions."
White Paper,Infosys Solution,example,AI-Driven Personalized Marketing Campaigns,"Infosys offers AI-driven solutions for personalized marketing campaigns. These solutions leverage machine learning algorithms, customer segmentation, and predictive analytics to deliver targeted and personalized marketing messages. By analyzing customer data, purchase history, and browsing behavior, AI-powered marketing solutions can identify customer preferences, recommend relevant products, and optimize marketing campaigns. These solutions help organizations improve customer engagement, increase conversion rates, and maximize marketing ROI. However, organizations must address challenges such as data privacy, ethical AI usage, and ensuring transparency in data collection and usage to build trust with customers."