category,topic,question,answer
White paper,Artificial Intelligence,Generate a White paper on Artificial Intelligence,"Abstract: 
Artificial Intelligence (AI) has revolutionized various industries and continues to reshape the way we live and work. This white paper delves into the advancements, challenges, and potential applications of AI across different sectors. 

Findings:
1. AI in Healthcare: The integration of AI in healthcare systems has improved diagnostics, personalized treatments, and patient care.
2. AI in Finance: Financial institutions are leveraging AI algorithms for fraud detection, risk assessment, and portfolio management.
3. AI in Manufacturing: AI-powered automation has enhanced productivity, quality control, and predictive maintenance in the manufacturing industry.

Conclusion:
Artificial Intelligence holds immense potential for transforming society and business operations. While its benefits are vast, ethical considerations and responsible deployment are crucial for maximizing the positive impact of AI."

White paper,Blockchain Technology,Generate a White paper on Blockchain Technology,"Abstract:
Blockchain technology has gained significant attention for its potential to revolutionize various industries, particularly in the realm of secure and transparent transactions. This white paper explores the fundamental concepts of blockchain, its applications, and potential challenges.

Findings:
1. Blockchain in Supply Chain: By utilizing blockchain, supply chain management can achieve greater transparency, traceability, and efficiency in the movement of goods.
2. Blockchain in Finance: Blockchain-based cryptocurrencies and smart contracts are transforming traditional financial systems by providing secure and decentralized alternatives.
3. Blockchain in Voting Systems: Implementing blockchain technology in voting systems can enhance transparency, immutability, and eliminate fraud.

Conclusion:
Blockchain technology presents exciting opportunities for secure and decentralized systems across multiple sectors. While challenges such as scalability and regulatory frameworks exist, the potential benefits are substantial."

Blog,Cryptocurrency,Generate a Blog on Cryptocurrency,"Introduction:
Cryptocurrency, a digital or virtual form of currency, has emerged as a groundbreaking innovation in the financial world. In this blog, we will explore the basics of cryptocurrencies, their advantages, and the potential risks associated with them.

Details:
1. Decentralization: Cryptocurrencies operate on decentralized networks, eliminating the need for intermediaries like banks and governments.
2. Security: Blockchain technology ensures the security and integrity of cryptocurrency transactions, making them highly resistant to hacking and fraud.
3. Potential Risks: While cryptocurrencies offer exciting prospects, they are also susceptible to price volatility, regulatory uncertainty, and potential scams.

Summary:
Cryptocurrencies have the potential to revolutionize financial systems and empower individuals with financial autonomy. However, investors should exercise caution and educate themselves about the risks associated with this emerging technology."

Blog,Machine Learning,Generate a Blog on Machine Learning,"Introduction:
Machine Learning (ML) is a branch of artificial intelligence that enables computer systems to learn and improve from experience without explicit programming. In this blog, we will explore the basics of machine learning, its applications, and the future of this transformative technology.

Details:
1. Supervised Learning: ML algorithms learn from labeled data to make predictions or classifications.
2. Unsupervised Learning: ML algorithms uncover patterns and relationships in unlabeled data.
3. Applications: Machine learning is used in various fields, including healthcare, finance, and autonomous vehicles.

Summary:
Machine learning is poised to reshape industries and drive innovation across sectors. With advancements in algorithms and computing power, the potential for ML to revolutionize decision-making and automate complex tasks is tremendous."